track_id,name,album_id,track_number,duration_ms,track_preview,danceability,energy,key,loudness,mode,speechiness,acousticness,instrumentalness,liveness,valence,tempo
249gnXrbfmV8NG6jTEMSwD,Life Goes On,2qehskW9lYGWfYb0xPZkrS,1,207481,https://p.scdn.co/mp3-preview/9dc29ff47cbdda2d3c5a66b3fabf9c7420f62950?cid=6bff2558c1ee4b428271863f3ff2cf2f,0.566,0.716,1,-5.733,1,0.0424,0.00691,0.0,0.37,0.45,81.068
3QH8rQGNFX8VLbCgZ7uPTS,Fly To My Room,2qehskW9lYGWfYb0xPZkrS,2,222242,https://p.scdn.co/mp3-preview/178a7c05e3f026a21d2ba6ffce794d3809a1619c?cid=6bff2558c1ee4b428271863f3ff2cf2f,0.764,0.526,11,-7.355,1,0.212,0.0484,0.0,0.0718,0.588,114.91
0n2moJpAEWHwaPYYjkzMDl,Blue & Grey,2qehskW9lYGWfYb0xPZkrS,3,254950,https://p.scdn.co/mp3-preview/2a9059469af841645ac22da0a4e644ed18fe6a04?cid=6bff2558c1ee4b428271863f3ff2cf2f,0.547,0.605,8,-6.755,1,0.0415,0.42,0.0,0.125,0.364,121.953
4GVwjLRT7oSsKby7Vy8EHr,Skit,2qehskW9lYGWfYb0xPZkrS,4,179547,https://p.scdn.co/mp3-preview/3c9162790df928c29c3c9cfb69fb1115f160082a?cid=6bff2558c1ee4b428271863f3ff2cf2f,0.703,0.321,4,-13.135,1,0.884,0.864,0.0,0.908,0.544,114.822
2FVpOsjT1iquZ3SpCjZ9Ne,Telepathy,2qehskW9lYGWfYb0xPZkrS,5,202313,https://p.scdn.co/mp3-preview/e057af6f770b0a7a5b50a8152194db8e7b538282?cid=6bff2558c1ee4b428271863f3ff2cf2f,0.787,0.669,5,-4.333,0,0.0428,0.00782,0.0,0.123,0.57,104.994
54DmTIv86D3sYdiawjULQ0,Dis-ease,2qehskW9lYGWfYb0xPZkrS,6,239722,https://p.scdn.co/mp3-preview/0ceaed1d6b96fc04e513d10f05d1c736caf70b3f?cid=6bff2558c1ee4b428271863f3ff2cf2f,0.731,0.845,8,-5.352,1,0.132,0.0132,0.0,0.0782,0.484,101.085
3ndCsZfq8OVwwkz9mmZvUz,Stay,2qehskW9lYGWfYb0xPZkrS,7,204800,https://p.scdn.co/mp3-preview/abcbd31b7da5f4eec72ca1248ef4108677c252ef?cid=6bff2558c1ee4b428271863f3ff2cf2f,0.582,0.693,6,-5.048,1,0.0465,0.114,0.0,0.13,0.341,125.904
4saklk6nie3yiGePpBwUoc,Dynamite,2qehskW9lYGWfYb0xPZkrS,8,199053,https://p.scdn.co/mp3-preview/a707728846c105f4d8552b8546c30b121bf517f0?cid=6bff2558c1ee4b428271863f3ff2cf2f,0.746,0.765,6,-4.41,0,0.0993,0.0112,0.0,0.0936,0.737,114.044
5raJ9QoZOdoRZ1MZOcygkR,INTRO : Calling,1nScVw87kRJiT2bg2Kswhp,1,84613,https://p.scdn.co/mp3-preview/7853dd7e3e7e9cdfae7c20828bd12f811c2d3ec2?cid=6bff2558c1ee4b428271863f3ff2cf2f,0.486,0.61,10,-12.063,1,0.0348,0.582,0.791,0.144,0.0806,144.992
3Ys2PYl1wyPKQIwyqhP9cQ,Stay Gold,1nScVw87kRJiT2bg2Kswhp,2,243266,https://p.scdn.co/mp3-preview/19fa523e4ac6bca9f87653a98a283d5de149552b?cid=6bff2558c1ee4b428271863f3ff2cf2f,0.723,0.634,1,-5.415,1,0.0542,0.0892,0.0,0.0787,0.582,129.017
1GAAUZBTaIM1LwNpOJQJrZ,Boy With Luv - Japanese ver.,1nScVw87kRJiT2bg2Kswhp,3,230013,https://p.scdn.co/mp3-preview/6a27654ffee259840731e592332743584a9f80a6?cid=6bff2558c1ee4b428271863f3ff2cf2f,0.673,0.855,11,-4.65,0,0.089,0.0661,0.0,0.209,0.78,119.917
6P0Ni8GrnwRScC4uk8tKqM,Make It Right - Japanese ver.,1nScVw87kRJiT2bg2Kswhp,4,225520,https://p.scdn.co/mp3-preview/366ef411e6808a5e389f21e7c7bf8a4ba776481e?cid=6bff2558c1ee4b428271863f3ff2cf2f,0.571,0.703,7,-7.401,1,0.468,0.0163,0.0,0.262,0.238,104.067
6j0NiWoRQDiNC05RwVVZNa,Dionysus - Japanese ver.,1nScVw87kRJiT2bg2Kswhp,5,248906,https://p.scdn.co/mp3-preview/501e684efc0c2e699f863b6de28844dbb7b8200a?cid=6bff2558c1ee4b428271863f3ff2cf2f,0.455,0.893,7,-3.712,1,0.148,0.0218,0.0,0.358,0.588,175.992
2vYF5MHeCNtqCVastthDAo,IDOL - Japanese ver.,1nScVw87kRJiT2bg2Kswhp,6,223213,https://p.scdn.co/mp3-preview/b93742d9242b6f6d0b4bcdb62d99a40e2d57dde4?cid=6bff2558c1ee4b428271863f3ff2cf2f,0.705,0.754,6,-5.453,0,0.0895,0.000331,0.0,0.129,0.422,126.014
4EeVAiJtyblHzvkN9sZCmM,Airplane pt.2 - Japanese ver.,1nScVw87kRJiT2bg2Kswhp,7,220053,https://p.scdn.co/mp3-preview/d938962243993b699d92d72eaee8c68edc0416a9?cid=6bff2558c1ee4b428271863f3ff2cf2f,0.752,0.782,0,-5.173,0,0.0297,0.04,1.04e-06,0.0841,0.901,139.994
4jTEbIwCMcHSwlSEiR4NlQ,FAKE LOVE - Japanese ver.,1nScVw87kRJiT2bg2Kswhp,8,243533,https://p.scdn.co/mp3-preview/21635bcd2b8d3c97156c0e7978a52d7faf38bd71?cid=6bff2558c1ee4b428271863f3ff2cf2f,0.546,0.682,2,-5.628,0,0.039,0.00362,0.0,0.295,0.433,154.923
5smmjzMNkj4YSacTBH6taZ,Black Swan - Japanese ver.,1nScVw87kRJiT2bg2Kswhp,9,198760,https://p.scdn.co/mp3-preview/7ce3e0f605472bd30c3b12172585725b97e2f419?cid=6bff2558c1ee4b428271863f3ff2cf2f,0.714,0.736,2,-5.724,0,0.0819,0.166,0.0,0.133,0.536,147.037
2hhizKAVm9wNn0d2N05jkG,ON - Japanese ver.,1nScVw87kRJiT2bg2Kswhp,10,247986,https://p.scdn.co/mp3-preview/d016e8bad6dc7e81834f5f3134d82b054b887f3f?cid=6bff2558c1ee4b428271863f3ff2cf2f,0.598,0.821,9,-5.653,0,0.114,0.119,0.0,0.298,0.428,105.991
3TDUktzfYXMWjkWqwoT5F1,Lights,1nScVw87kRJiT2bg2Kswhp,11,292853,https://p.scdn.co/mp3-preview/1158611db4e6f8ffa249008187a8f6681878fa44?cid=6bff2558c1ee4b428271863f3ff2cf2f,0.608,0.644,5,-5.588,1,0.0314,0.156,0.0,0.124,0.431,99.005
3TZ7NHkMT82AhwuYsd00Hz,Your eyes tell,1nScVw87kRJiT2bg2Kswhp,12,245146,https://p.scdn.co/mp3-preview/fe45b2fdf3d72258b1cfe2e48605ad683621680c?cid=6bff2558c1ee4b428271863f3ff2cf2f,0.449,0.491,9,-6.433,0,0.029,0.279,0.0,0.0654,0.258,139.923
0VF357Gjay5vvCqWA1kSu6,OUTRO : The Journey,1nScVw87kRJiT2bg2Kswhp,13,76506,https://p.scdn.co/mp3-preview/055610bb016688678fdc7d2f167c340ab8c19108?cid=6bff2558c1ee4b428271863f3ff2cf2f,0.523,0.455,9,-14.26,0,0.0632,0.704,0.459,0.135,0.165,136.959
2BgZrbbAZxSnyE7U5efVrG,Intro : Persona,6mJZTV8lCqnwftYZa94bXS,1,171023,https://p.scdn.co/mp3-preview/cdb39e2a244c28523e6f34fc686a15251d2a03a6?cid=6bff2558c1ee4b428271863f3ff2cf2f,0.469,0.87,9,-4.475,0,0.342,0.0278,0.0,0.313,0.652,86.622
1ZpFxOhpzT1MDCq7zjtOV1,Boy With Luv (Feat. Halsey),6mJZTV8lCqnwftYZa94bXS,2,229773,https://p.scdn.co/mp3-preview/d16797fb391fb909f3c46454d7cf89a2718f8171?cid=6bff2558c1ee4b428271863f3ff2cf2f,0.645,0.862,11,-4.757,0,0.0965,0.0923,0.0,0.192,0.798,119.991
1OqkHhYOcqfwYx7LqlAE8Y,Make It Right,6mJZTV8lCqnwftYZa94bXS,3,226321,https://p.scdn.co/mp3-preview/27d07e11fef56c0f8cb8a7e77a445e7371971ea5?cid=6bff2558c1ee4b428271863f3ff2cf2f,0.638,0.703,7,-7.874,1,0.444,0.0104,0.0,0.132,0.261,105.766
5oXdWFCLkBX5XmGbTrlK40,Jamais Vu,6mJZTV8lCqnwftYZa94bXS,4,227275,https://p.scdn.co/mp3-preview/698f1a4a1767f3ea64e40b04d9be33d923b8f827?cid=6bff2558c1ee4b428271863f3ff2cf2f,0.608,0.47,8,-6.73,1,0.0428,0.226,0.0,0.0963,0.241,81.0
2SytGgja3g2R2N9lzV6n3E,Dionysus,6mJZTV8lCqnwftYZa94bXS,5,249215,https://p.scdn.co/mp3-preview/a862e818956230137be205f8d69aac014361f554?cid=6bff2558c1ee4b428271863f3ff2cf2f,0.502,0.91,7,-2.769,1,0.107,0.04,0.0,0.319,0.588,176.084
2Nib4r0saYQf2pUV4RFDhl,Interlude : Shadow,6mJZTV8lCqnwftYZa94bXS,6,259821,https://p.scdn.co/mp3-preview/33c30046b75168bdcf63b405c2efff71c50a1a6e?cid=6bff2558c1ee4b428271863f3ff2cf2f,0.385,0.798,9,-6.439,0,0.483,0.115,0.0,0.181,0.141,149.756
3bkkMZEAhx7rTVz1C0itRQ,Black Swan,6mJZTV8lCqnwftYZa94bXS,7,198260,https://p.scdn.co/mp3-preview/879c7106422b0b53852209da6a63210be7e09b01?cid=6bff2558c1ee4b428271863f3ff2cf2f,0.719,0.758,2,-5.167,0,0.0851,0.137,0.0,0.129,0.49,147.023
0ono6UCNVZ1XqOm6j78Blu,Filter,6mJZTV8lCqnwftYZa94bXS,8,180220,https://p.scdn.co/mp3-preview/43c93d00d5efbf03937c1ca807fdb383399d598b?cid=6bff2558c1ee4b428271863f3ff2cf2f,0.781,0.762,10,-5.188,0,0.0626,0.0222,0.0,0.121,0.86,110.042
4vTgx6h4seHvkuFh84JXYP,My Time,6mJZTV8lCqnwftYZa94bXS,9,234457,https://p.scdn.co/mp3-preview/67513befcc0aea1b35469beace63730a10c506dd?cid=6bff2558c1ee4b428271863f3ff2cf2f,0.674,0.64,0,-5.139,0,0.0339,0.151,0.0,0.0925,0.664,99.908
3op7HNwLli54MBjFGzIlZO,Louder than bombs,6mJZTV8lCqnwftYZa94bXS,10,217404,https://p.scdn.co/mp3-preview/c6e50ef39b6a32414e5f6d1f7996951452f936b0?cid=6bff2558c1ee4b428271863f3ff2cf2f,0.643,0.667,0,-6.993,0,0.152,0.0433,0.0,0.0904,0.485,145.999
2QyuXBcV1LJ2rq01KhreMF,ON,6mJZTV8lCqnwftYZa94bXS,11,246380,https://p.scdn.co/mp3-preview/1a6af8c9cbcb74c83baabaa10f454db08c13e178?cid=6bff2558c1ee4b428271863f3ff2cf2f,0.583,0.817,9,-5.146,0,0.0987,0.118,0.0,0.338,0.438,105.936
1aKuG1GG76xPLUkjBbQo3W,UGH!,6mJZTV8lCqnwftYZa94bXS,12,225012,https://p.scdn.co/mp3-preview/fd37160449b3c6a8f273fb5e4a01626f7a226c25?cid=6bff2558c1ee4b428271863f3ff2cf2f,0.72,0.824,10,-5.086,0,0.128,0.0394,0.0,0.0509,0.333,165.998
4AlihYDqxXshKhvh5tnMfP,00:00 (Zero O’Clock),6mJZTV8lCqnwftYZa94bXS,13,250295,https://p.scdn.co/mp3-preview/c99f9536de8a5d40e925a4fe5cccea03a1af419b?cid=6bff2558c1ee4b428271863f3ff2cf2f,0.566,0.548,1,-6.456,1,0.0579,0.0802,0.0,0.11,0.196,157.999
4BKOjYosPhw334moS3wlbO,Inner Child,6mJZTV8lCqnwftYZa94bXS,14,233265,https://p.scdn.co/mp3-preview/c81decec9e9bd8aabe6f3c7f2799ed2e4025470e?cid=6bff2558c1ee4b428271863f3ff2cf2f,0.589,0.696,11,-7.981,1,0.0725,0.017,0.0,0.0808,0.332,134.953
7w05lsU2VLSeiT8Nukrv5M,Friends,6mJZTV8lCqnwftYZa94bXS,15,199338,https://p.scdn.co/mp3-preview/7011f2ff7f8f70782ba04e357aa1bff42ee20007?cid=6bff2558c1ee4b428271863f3ff2cf2f,0.55,0.747,1,-5.211,1,0.0407,0.0668,0.0,0.0536,0.648,79.98
1xfXXujIlLZAx5wpu46Nyk,Moon,6mJZTV8lCqnwftYZa94bXS,16,208589,https://p.scdn.co/mp3-preview/f4d1590859b7157d448b9b2bdaa73b1f8cefa477?cid=6bff2558c1ee4b428271863f3ff2cf2f,0.703,0.646,6,-6.658,1,0.0596,0.0104,0.0,0.191,0.64,141.87
37TSJmYKLxXmx8OehFpqMN,Respect,6mJZTV8lCqnwftYZa94bXS,17,237540,https://p.scdn.co/mp3-preview/92072fff00e62636917c31592c9df176d55fa9ae?cid=6bff2558c1ee4b428271863f3ff2cf2f,0.661,0.84,0,-4.805,1,0.116,0.00485,0.0,0.287,0.524,91.457
44WLOqH7QayQOQdeUHeKUK,We are Bulletproof : the Eternal,6mJZTV8lCqnwftYZa94bXS,18,261542,https://p.scdn.co/mp3-preview/88aeb9a27fae72fd1b7d28ae769e23139637df5a?cid=6bff2558c1ee4b428271863f3ff2cf2f,0.526,0.575,9,-5.215,0,0.0309,0.225,0.0,0.108,0.19,84.047
3r9FFjLrAIQjoR8pSHVPC9,Outro : Ego,6mJZTV8lCqnwftYZa94bXS,19,196198,https://p.scdn.co/mp3-preview/396c860a6dcf98c94c0b371da7f3afa2e83341fa?cid=6bff2558c1ee4b428271863f3ff2cf2f,0.808,0.903,0,-3.106,1,0.0958,0.0121,0.000233,0.0993,0.473,116.988
3IB5qOeMayvpOdHxYCL5tZ,ON (Feat. Sia),6mJZTV8lCqnwftYZa94bXS,20,246816,https://p.scdn.co/mp3-preview/00b8c392f241849438956590f4b90ea432f68cec?cid=6bff2558c1ee4b428271863f3ff2cf2f,0.591,0.848,9,-4.397,0,0.0828,0.137,0.0,0.372,0.386,105.922
2isSdmQfVv32j2haL6hk9x,Intro : Persona,1AvXa8xFEXtR3hb4bgihIK,1,171023,https://p.scdn.co/mp3-preview/cdb39e2a244c28523e6f34fc686a15251d2a03a6?cid=6bff2558c1ee4b428271863f3ff2cf2f,0.469,0.87,9,-4.475,0,0.342,0.0278,0.0,0.313,0.652,86.622
5KawlOMHjWeUjQtnuRs22c,Boy With Luv (feat. Halsey),1AvXa8xFEXtR3hb4bgihIK,2,229773,https://p.scdn.co/mp3-preview/d16797fb391fb909f3c46454d7cf89a2718f8171?cid=6bff2558c1ee4b428271863f3ff2cf2f,0.645,0.862,11,-4.757,0,0.0965,0.0923,0.0,0.192,0.798,119.991
5hnbE5BF2e8BCk9OMR1UVC,Mikrokosmos,1AvXa8xFEXtR3hb4bgihIK,3,224225,https://p.scdn.co/mp3-preview/3f29d0aa131984a690e3cc10629b2faa2303e69c?cid=6bff2558c1ee4b428271863f3ff2cf2f,0.58,0.858,8,-5.212,1,0.114,0.125,0.0,0.0502,0.475,174.039
6KUE0HSSudAp9AOycaF6SH,Make It Right,1AvXa8xFEXtR3hb4bgihIK,4,226321,https://p.scdn.co/mp3-preview/27d07e11fef56c0f8cb8a7e77a445e7371971ea5?cid=6bff2558c1ee4b428271863f3ff2cf2f,0.638,0.703,7,-7.874,1,0.444,0.0104,0.0,0.132,0.261,105.766
7lthOBXNue2IvedLRfkod8,HOME,1AvXa8xFEXtR3hb4bgihIK,5,234177,https://p.scdn.co/mp3-preview/9fb02e3c757ce10d6dc027ca750a94143e9e3dc2?cid=6bff2558c1ee4b428271863f3ff2cf2f,0.633,0.799,7,-4.625,0,0.0429,0.0142,0.0,0.194,0.535,142.991
0eeeyCAGnGZInPtpkdYiPa,Jamais Vu,1AvXa8xFEXtR3hb4bgihIK,6,227275,https://p.scdn.co/mp3-preview/698f1a4a1767f3ea64e40b04d9be33d923b8f827?cid=6bff2558c1ee4b428271863f3ff2cf2f,0.608,0.47,8,-6.73,1,0.0428,0.226,0.0,0.0963,0.241,81.0
6JdS5rJvJaRA7B1tcm7kxZ,Dionysus,1AvXa8xFEXtR3hb4bgihIK,7,249215,https://p.scdn.co/mp3-preview/a862e818956230137be205f8d69aac014361f554?cid=6bff2558c1ee4b428271863f3ff2cf2f,0.502,0.91,7,-2.769,1,0.107,0.04,0.0,0.319,0.588,176.084
6ePyl2ns4b7MVYhjsj32ZK,Intro: Singularity,2jJfnAZE6IG3oYnUv2eCj4,1,196998,https://p.scdn.co/mp3-preview/c48422737e521a89037f06d34b12164c7c25fae2?cid=6bff2558c1ee4b428271863f3ff2cf2f,0.775,0.271,1,-9.131,0,0.092,0.554,0.00285,0.112,0.204,104.001
3aW0ds4A4tSQDIp75FqWTo,FAKE LOVE,2jJfnAZE6IG3oYnUv2eCj4,2,242333,https://p.scdn.co/mp3-preview/bc24526c6a5e4d2a63bdbf364705a6012ff2d649?cid=6bff2558c1ee4b428271863f3ff2cf2f,0.557,0.719,2,-4.515,0,0.0372,0.00267,0.0,0.306,0.344,77.501
48XfojJC87VKLlUotYV0Gm,The Truth Untold,2jJfnAZE6IG3oYnUv2eCj4,3,242292,https://p.scdn.co/mp3-preview/9962cf7e18a736f3123861973130908accc43769?cid=6bff2558c1ee4b428271863f3ff2cf2f,0.57,0.422,1,-7.561,0,0.0422,0.372,0.0,0.127,0.169,113.007
38td8VabuKlQt72Q2VnhbO,134340,2jJfnAZE6IG3oYnUv2eCj4,4,230063,https://p.scdn.co/mp3-preview/7fd31fde56136136340cc961c376fa69a46440a9?cid=6bff2558c1ee4b428271863f3ff2cf2f,0.664,0.688,11,-6.466,0,0.0543,0.153,9.14e-05,0.173,0.65,106.022
01dmH2IPkrLNWIMPNXlreE,Paradise,2jJfnAZE6IG3oYnUv2eCj4,5,211223,https://p.scdn.co/mp3-preview/1a898d1670be342208b8b5459f6a766b25aa21f4?cid=6bff2558c1ee4b428271863f3ff2cf2f,0.519,0.828,5,-5.523,1,0.365,0.214,0.0,0.0571,0.929,139.413
645YBsxhFPSOKxGep3uHLv,Love Maze,2jJfnAZE6IG3oYnUv2eCj4,6,221529,https://p.scdn.co/mp3-preview/a2ee6a5b081332e9564a156bcd67b7ae6c91d88f?cid=6bff2558c1ee4b428271863f3ff2cf2f,0.636,0.876,9,-4.652,1,0.0617,0.0487,0.0,0.0728,0.759,149.932
22ryCgQttpV7oCrn7llGRu,Magic Shop,2jJfnAZE6IG3oYnUv2eCj4,7,275695,https://p.scdn.co/mp3-preview/eec98a019af3488763e39162ed7eb72057fb329b?cid=6bff2558c1ee4b428271863f3ff2cf2f,0.541,0.661,1,-5.838,1,0.0889,0.103,0.0,0.0779,0.285,149.926
1trFxVLL8WKhYap543e74l,Airplane pt.2,2jJfnAZE6IG3oYnUv2eCj4,8,218614,https://p.scdn.co/mp3-preview/62a4c033f9eef90b55c5630cf6a9b45621036bbe?cid=6bff2558c1ee4b428271863f3ff2cf2f,0.769,0.817,0,-4.092,0,0.0339,0.0268,9.95e-05,0.084,0.866,139.979
4lRwa7PKcGIuJMwtPIYKdy,Anpanman,2jJfnAZE6IG3oYnUv2eCj4,9,232966,https://p.scdn.co/mp3-preview/dbf1afe08ef74e179135ad757a3bcbf139dfac08?cid=6bff2558c1ee4b428271863f3ff2cf2f,0.813,0.875,1,-2.92,0,0.0918,0.0237,0.0,0.288,0.756,99.004
4CvId64YZSB0RfRdfzPIQU,So What,2jJfnAZE6IG3oYnUv2eCj4,10,281520,https://p.scdn.co/mp3-preview/ed62d9a7746e4e788e6b872a2510c447d6fb3558?cid=6bff2558c1ee4b428271863f3ff2cf2f,0.656,0.883,9,-4.294,0,0.0737,0.0238,0.0,0.0481,0.46,129.947
5p10VwQ8LRoyTc8LFrvPw6,Outro: Tear,2jJfnAZE6IG3oYnUv2eCj4,11,284980,https://p.scdn.co/mp3-preview/aa4747a0ba2e49a965b31928c150e2fd7f641f08?cid=6bff2558c1ee4b428271863f3ff2cf2f,0.711,0.903,6,-2.723,0,0.247,0.327,0.0,0.0887,0.467,140.015
3asJVXjbxNEOwPUL47wvcc,INTRO : Ringwanderung,66J1OXSaS3hBZASOV3el8t,1,86053,https://p.scdn.co/mp3-preview/df416c68a76e3cda66b70a94fa88b914083a9570?cid=6bff2558c1ee4b428271863f3ff2cf2f,0.589,0.824,10,-6.402,0,0.26,0.552,0.0275,0.133,0.207,115.3
6yGKx4J9UdMp7tcaGXWzDj,Best Of Me - Japanese ver.,66J1OXSaS3hBZASOV3el8t,2,227920,https://p.scdn.co/mp3-preview/59364df2acdad52807b85be53ec8f16fe9fee443?cid=6bff2558c1ee4b428271863f3ff2cf2f,0.659,0.769,0,-4.262,0,0.0831,0.0366,0.0,0.405,0.398,122.006
6u1ILVDFXcmQGQGCA3h849,血、汗、涙 - Japanese ver.,66J1OXSaS3hBZASOV3el8t,3,216706,https://p.scdn.co/mp3-preview/b51408e462be49c33f7eb373f4e690a400d068b0?cid=6bff2558c1ee4b428271863f3ff2cf2f,0.61,0.892,0,-3.52,0,0.108,0.0704,0.0,0.315,0.576,93.039
4Bkh5uDlP14vneIoRG0umC,DNA - Japanese ver.,66J1OXSaS3hBZASOV3el8t,4,223706,https://p.scdn.co/mp3-preview/7dfc5cf5b6a3dd715e100bf7fbe69dfc2dd05715?cid=6bff2558c1ee4b428271863f3ff2cf2f,0.574,0.761,1,-3.579,0,0.0849,0.00335,0.0,0.0645,0.597,129.817
6aJj9OlLiZVagW8fd8ZtK3,Not Today - Japanese ver.,66J1OXSaS3hBZASOV3el8t,5,233880,https://p.scdn.co/mp3-preview/c243cb67fc9d523a9b4e166cb7cc79bbb305665d?cid=6bff2558c1ee4b428271863f3ff2cf2f,0.598,0.938,0,-4.068,0,0.143,0.00191,0.0,0.88,0.672,110.021
3N6te5xi59Ex4HudLKsgGS,MIC Drop - Japanese ver.,66J1OXSaS3hBZASOV3el8t,6,238226,https://p.scdn.co/mp3-preview/c42bcb2e30bfa6416c95e2d2abd51d419ed55a97?cid=6bff2558c1ee4b428271863f3ff2cf2f,0.664,0.913,3,-4.474,0,0.148,0.0136,0.0,0.1,0.622,169.974
3zIG0WuI5RoJsFYnErkFDU,Don't Leave Me,66J1OXSaS3hBZASOV3el8t,7,227413,https://p.scdn.co/mp3-preview/5a65f13f8038aa9eb64f9146973621f83b785271?cid=6bff2558c1ee4b428271863f3ff2cf2f,0.62,0.778,8,-4.622,0,0.0724,0.116,0.0,0.312,0.386,147.012
0YguyyCOTyujhSDXWyB4W3,Go Go - Japanese ver.,66J1OXSaS3hBZASOV3el8t,8,237306,https://p.scdn.co/mp3-preview/98da46e52466c2fe92fdb311b9d5d8af3d95022f?cid=6bff2558c1ee4b428271863f3ff2cf2f,0.837,0.69,10,-4.705,0,0.088,0.222,0.0,0.0833,0.847,136.07
6NbfFVZ01Ttvvqmcok8DxL,Crystal Snow,66J1OXSaS3hBZASOV3el8t,9,323360,https://p.scdn.co/mp3-preview/17ca9fdc07b071c32421d4f986f5529e83d2e2e0?cid=6bff2558c1ee4b428271863f3ff2cf2f,0.618,0.766,3,-4.507,1,0.0323,0.117,0.0,0.121,0.448,113.997
4a8guR4owPEdDyLsPIC6HP,Spring Day - Japanese ver.,66J1OXSaS3hBZASOV3el8t,10,276840,https://p.scdn.co/mp3-preview/b52ce05527997975c708b1b67ffb9900f8aa784b?cid=6bff2558c1ee4b428271863f3ff2cf2f,0.572,0.825,8,-4.383,1,0.037,0.104,0.0,0.085,0.424,106.976
1OqDvYVDhJyFZny7XlfIyZ,Let Go,66J1OXSaS3hBZASOV3el8t,11,299706,https://p.scdn.co/mp3-preview/f81f1ebb66d9bfa5bf859bf74901ee9d03a73090?cid=6bff2558c1ee4b428271863f3ff2cf2f,0.558,0.863,4,-3.53,1,0.178,0.17,0.0,0.289,0.388,173.908
0qrPZ27AhOahJivGsDbUSS,OUTRO : Crack,66J1OXSaS3hBZASOV3el8t,12,74746,https://p.scdn.co/mp3-preview/0bbe8bfbea1fb03dcbe8b8f2eb2b804bbbc28e2e?cid=6bff2558c1ee4b428271863f3ff2cf2f,0.729,0.386,2,-5.623,1,0.382,0.864,0.574,0.114,0.0567,90.138
7iV733e1KacKrFRaBNxVEf,Intro: Serendipity,2FTS6a6DLXMNp8flyA0HGO,1,139971,https://p.scdn.co/mp3-preview/b2a256ffa6df3bfa1c120881be17e6649cdb5d1a?cid=6bff2558c1ee4b428271863f3ff2cf2f,0.476,0.581,8,-8.795,1,0.12,0.523,0.0,0.201,0.282,129.568
5SE57ljOIUJ1ybL9U6CuBH,DNA,2FTS6a6DLXMNp8flyA0HGO,2,223122,https://p.scdn.co/mp3-preview/ef7f2f01d7b95b8047075247a68d598a71d13ccb?cid=6bff2558c1ee4b428271863f3ff2cf2f,0.598,0.775,1,-4.035,0,0.0545,0.022,0.0,0.0677,0.687,129.819
2tdq0CeAGSfhI2l4Gwkvgx,Best Of Me,2FTS6a6DLXMNp8flyA0HGO,3,227191,https://p.scdn.co/mp3-preview/7a9a70ee86c55b41048088d670be8eb2f708b051?cid=6bff2558c1ee4b428271863f3ff2cf2f,0.651,0.756,8,-4.388,1,0.0762,0.0298,0.0,0.396,0.473,121.96
3ryjLm3oupIjJFGc39naNi,dimple,2FTS6a6DLXMNp8flyA0HGO,4,196776,https://p.scdn.co/mp3-preview/3b670768d2b1e55ebdbde91b8c116b48f97f1dae?cid=6bff2558c1ee4b428271863f3ff2cf2f,0.612,0.844,5,-4.694,0,0.0756,0.142,0.0,0.287,0.653,134.868
0ffweDHrg4bZqdG4IfGYuo,Pied Piper,2FTS6a6DLXMNp8flyA0HGO,5,245620,https://p.scdn.co/mp3-preview/248ad5fb284b85e40d92dbaec9b971a47a086771?cid=6bff2558c1ee4b428271863f3ff2cf2f,0.583,0.712,2,-4.942,0,0.0326,0.2,0.0,0.268,0.776,94.051
7KXEhfjwdxHVra8VcT2QHH,Skit: Billboard Music Awards Speech,2FTS6a6DLXMNp8flyA0HGO,6,107062,https://p.scdn.co/mp3-preview/e079a7964bbe1b3c1a20dce080c2a55ef5aeb32c?cid=6bff2558c1ee4b428271863f3ff2cf2f,0.252,0.694,0,-15.389,0,0.429,0.38,0.000203,0.66,0.325,87.293
2SYa5Lx1uoCvyDIW4oee9b,MIC Drop,2FTS6a6DLXMNp8flyA0HGO,7,238193,https://p.scdn.co/mp3-preview/045b01681f7405313098aad8bbe1ce8182104440?cid=6bff2558c1ee4b428271863f3ff2cf2f,0.667,0.889,6,-4.851,1,0.0918,0.00912,0.0,0.0816,0.541,169.959
5nq1uTNIR1cBR72T87viS0,Go Go,2FTS6a6DLXMNp8flyA0HGO,8,235779,https://p.scdn.co/mp3-preview/a94bba92d68e8b679731af8b41a7ab535207a267?cid=6bff2558c1ee4b428271863f3ff2cf2f,0.856,0.617,10,-5.308,0,0.0841,0.171,0.0,0.0857,0.759,136.082
3l8yQMdniG6Os8gUBNXV57,Outro: Her,2FTS6a6DLXMNp8flyA0HGO,9,228612,https://p.scdn.co/mp3-preview/0172f8362c56814fc13d0d165e4c5f5623521cc5?cid=6bff2558c1ee4b428271863f3ff2cf2f,0.481,0.927,3,-5.704,1,0.27,0.317,0.0,0.0583,0.448,88.931
2nYeLw0cKYK32x3R4xfszY,Intro: Boy Meets Evil,7LF4N7lvyDhrPBuCJ1rplJ,1,121770,https://p.scdn.co/mp3-preview/8dc6ceb4823172cf3b0fb0cc6bd4e3542d4570ac?cid=6bff2558c1ee4b428271863f3ff2cf2f,0.573,0.89,5,-3.53,0,0.214,0.0212,0.0,0.132,0.242,130.254
6CmEiwG6PRrEjPrN6CJYQq,Blood Sweat & Tears,7LF4N7lvyDhrPBuCJ1rplJ,2,217051,https://p.scdn.co/mp3-preview/481b97048b27220146e90ef34747722cd270e25a?cid=6bff2558c1ee4b428271863f3ff2cf2f,0.583,0.885,0,-3.571,0,0.106,0.0244,0.0,0.357,0.601,92.959
4HQ22c749XoBEnLbTFNojg,Begin,7LF4N7lvyDhrPBuCJ1rplJ,3,229740,https://p.scdn.co/mp3-preview/a557f944111104ffb9dbb134b4bdbe03c197c7e5?cid=6bff2558c1ee4b428271863f3ff2cf2f,0.566,0.844,9,-5.222,0,0.0444,0.00361,0.000257,0.141,0.291,131.049
5MUexKUkwBxDPCQbbqmF9q,Lie,7LF4N7lvyDhrPBuCJ1rplJ,4,215752,https://p.scdn.co/mp3-preview/b4b26e8f98b837a996ecaae57e5551dffc22ed47?cid=6bff2558c1ee4b428271863f3ff2cf2f,0.542,0.777,6,-5.582,0,0.033,0.00331,0.0,0.178,0.503,94.069
1vB4viek8riCix3oKRTEH9,Stigma,7LF4N7lvyDhrPBuCJ1rplJ,5,216063,https://p.scdn.co/mp3-preview/82e82a6dc101d5a45ef589c8422237784fcb43c5?cid=6bff2558c1ee4b428271863f3ff2cf2f,0.583,0.475,0,-5.556,0,0.0846,0.148,0.0,0.139,0.332,136.034
4ND6yU6omirJrzK7y1oide,First Love,7LF4N7lvyDhrPBuCJ1rplJ,6,189795,https://p.scdn.co/mp3-preview/e6508c0a5dd19f31508a632b3ee35e183e4b62f9?cid=6bff2558c1ee4b428271863f3ff2cf2f,0.517,0.741,8,-5.997,0,0.323,0.362,0.0,0.164,0.672,86.526
4M9gBQfL21fW6XnVYYK3x3,Reflection,7LF4N7lvyDhrPBuCJ1rplJ,7,233917,https://p.scdn.co/mp3-preview/4a85118c7565938ad0c2607ffeb912e10584b539?cid=6bff2558c1ee4b428271863f3ff2cf2f,0.56,0.607,2,-7.991,1,0.076,0.0135,1.63e-06,0.2,0.27,73.995
4bAeMqbuBUj0DFeHIBQQTt,MAMA,7LF4N7lvyDhrPBuCJ1rplJ,8,212275,https://p.scdn.co/mp3-preview/c8612b4c243dc850bf610131909553667028d8ee?cid=6bff2558c1ee4b428271863f3ff2cf2f,0.544,0.739,5,-4.818,0,0.232,0.000226,2.14e-05,0.0816,0.467,185.81
4ZI7c5pLm0OOWQzI5JzVyo,Awake,7LF4N7lvyDhrPBuCJ1rplJ,9,226160,https://p.scdn.co/mp3-preview/5ea03e54f3dcd2523b40554ee61342047fdf82b3?cid=6bff2558c1ee4b428271863f3ff2cf2f,0.357,0.498,3,-6.589,1,0.0332,0.023,1.99e-06,0.269,0.339,142.816
1EB1CrSfftAQLRsQtDOivu,Lost,7LF4N7lvyDhrPBuCJ1rplJ,10,241787,https://p.scdn.co/mp3-preview/6b0c6a0e885ab81c18f37b59d646b000653bfea0?cid=6bff2558c1ee4b428271863f3ff2cf2f,0.547,0.84,9,-4.156,0,0.0551,0.000371,0.0,0.0562,0.479,85.001
08cg1mkpUaCGkBqy0DwWTA,BTS Cypher 4,7LF4N7lvyDhrPBuCJ1rplJ,11,294463,https://p.scdn.co/mp3-preview/e6739259f7b08212e1a0aa2f35b8954e5496d026?cid=6bff2558c1ee4b428271863f3ff2cf2f,0.817,0.797,1,-4.395,0,0.084,0.00533,7.77e-06,0.0551,0.362,119.977
4fnqOPSFG7PI5ng1rDHS7l,Am I Wrong,7LF4N7lvyDhrPBuCJ1rplJ,12,213082,https://p.scdn.co/mp3-preview/71bdb41d91f8b5a97440531a4b63fe7473ef6f71?cid=6bff2558c1ee4b428271863f3ff2cf2f,0.761,0.834,6,-4.992,1,0.0494,0.00125,1e-05,0.0868,0.68,107.988
02NkvjI3og7b0OeTv0Tmdb,21st Century Girl,7LF4N7lvyDhrPBuCJ1rplJ,13,192596,https://p.scdn.co/mp3-preview/9dda594b7c257056c7e93d3ae2c3e7df11b2e3a0?cid=6bff2558c1ee4b428271863f3ff2cf2f,0.716,0.906,2,-3.539,1,0.0717,0.00423,0.0,0.0547,0.762,101.028
5fYm8baZVZwc1p4xUyjRub,2! 3!,7LF4N7lvyDhrPBuCJ1rplJ,14,272537,https://p.scdn.co/mp3-preview/c06ae86a69ef4f53de4c1b630f1a8ad109df9707?cid=6bff2558c1ee4b428271863f3ff2cf2f,0.439,0.928,7,-4.096,1,0.233,0.0254,0.0,0.1,0.599,169.928
0WNGsQ1oAuHzNTk8jivBKW,Spring Day,7LF4N7lvyDhrPBuCJ1rplJ,15,274097,https://p.scdn.co/mp3-preview/013456e3b8d400c5ec20e58014f7747db16fcdfd?cid=6bff2558c1ee4b428271863f3ff2cf2f,0.539,0.846,8,-3.192,1,0.0354,0.0063,1.68e-06,0.13,0.46,106.992
4hrpoqJMVE7FxBu1YWx0eQ,Not Today,7LF4N7lvyDhrPBuCJ1rplJ,16,231859,https://p.scdn.co/mp3-preview/f00916900e79dc0b591b9dc3d413ae3a1876db84?cid=6bff2558c1ee4b428271863f3ff2cf2f,0.594,0.946,8,-3.408,1,0.126,0.00181,1.04e-06,0.923,0.665,110.024
1yEzWCIc2MUt9Fw1p25YUo,Outro: Wings,7LF4N7lvyDhrPBuCJ1rplJ,17,225446,https://p.scdn.co/mp3-preview/59b74af475e83284d0e3379a2f9de9a60829b1e5?cid=6bff2558c1ee4b428271863f3ff2cf2f,0.654,0.903,11,-3.117,0,0.121,0.00503,0.0,0.0875,0.659,124.988
0rwNiysHvEWZWendzWyadr,A Supplementary Story: You Never Walk Alone,7LF4N7lvyDhrPBuCJ1rplJ,18,156060,https://p.scdn.co/mp3-preview/5b8263e2055076abd074a0f44350f8e048962e20?cid=6bff2558c1ee4b428271863f3ff2cf2f,0.695,0.903,8,-4.788,1,0.152,0.00596,0.0,0.0668,0.59,127.99
62c60jSWnJWI4EImxeNeSW,Intro: Boy Meets Evil,17FnTn4P3Bkyf6mbNQDhhy,1,121770,https://p.scdn.co/mp3-preview/8dc6ceb4823172cf3b0fb0cc6bd4e3542d4570ac?cid=6bff2558c1ee4b428271863f3ff2cf2f,0.573,0.89,5,-3.53,0,0.214,0.0212,0.0,0.132,0.242,130.254
5RGf8qn1TBWVplLyyKUsuV,Blood Sweat & Tears,17FnTn4P3Bkyf6mbNQDhhy,2,217051,https://p.scdn.co/mp3-preview/481b97048b27220146e90ef34747722cd270e25a?cid=6bff2558c1ee4b428271863f3ff2cf2f,0.583,0.885,0,-3.571,0,0.106,0.0244,0.0,0.357,0.601,92.959
6KQSeSPqBa15gMWLO1fdkk,Begin,17FnTn4P3Bkyf6mbNQDhhy,3,229740,https://p.scdn.co/mp3-preview/a557f944111104ffb9dbb134b4bdbe03c197c7e5?cid=6bff2558c1ee4b428271863f3ff2cf2f,0.566,0.844,9,-5.222,0,0.0444,0.00361,0.000257,0.141,0.291,131.049
2cn8rNlgnQOJoqWqXRvWQu,Lie,17FnTn4P3Bkyf6mbNQDhhy,4,215752,https://p.scdn.co/mp3-preview/b4b26e8f98b837a996ecaae57e5551dffc22ed47?cid=6bff2558c1ee4b428271863f3ff2cf2f,0.542,0.777,6,-5.582,0,0.033,0.00331,0.0,0.178,0.503,94.069
626lrZfNIlthgrUfjvRYrh,Stigma,17FnTn4P3Bkyf6mbNQDhhy,5,216063,https://p.scdn.co/mp3-preview/82e82a6dc101d5a45ef589c8422237784fcb43c5?cid=6bff2558c1ee4b428271863f3ff2cf2f,0.583,0.475,0,-5.556,0,0.0846,0.148,0.0,0.139,0.332,136.034
3TVWi92dWPMVcKpXvX32UX,First Love,17FnTn4P3Bkyf6mbNQDhhy,6,189795,https://p.scdn.co/mp3-preview/e6508c0a5dd19f31508a632b3ee35e183e4b62f9?cid=6bff2558c1ee4b428271863f3ff2cf2f,0.517,0.741,8,-5.997,0,0.323,0.362,0.0,0.164,0.672,86.526
4Eqo5hcqVnaAfL4J4W5Jjl,Reflection,17FnTn4P3Bkyf6mbNQDhhy,7,233917,https://p.scdn.co/mp3-preview/4a85118c7565938ad0c2607ffeb912e10584b539?cid=6bff2558c1ee4b428271863f3ff2cf2f,0.56,0.607,2,-7.991,1,0.076,0.0135,1.63e-06,0.2,0.27,73.995
5U1XqpEGLeDd48dDFNqQEC,MAMA,17FnTn4P3Bkyf6mbNQDhhy,8,212275,https://p.scdn.co/mp3-preview/c8612b4c243dc850bf610131909553667028d8ee?cid=6bff2558c1ee4b428271863f3ff2cf2f,0.544,0.739,5,-4.818,0,0.232,0.000226,2.14e-05,0.0816,0.467,185.81
0UDCfleTgwihlnOUxbzokR,Awake,17FnTn4P3Bkyf6mbNQDhhy,9,226160,https://p.scdn.co/mp3-preview/5ea03e54f3dcd2523b40554ee61342047fdf82b3?cid=6bff2558c1ee4b428271863f3ff2cf2f,0.357,0.498,3,-6.589,1,0.0332,0.023,1.99e-06,0.269,0.339,142.816
44F7Ieb36A6B2mXgrJLdR9,Lost,17FnTn4P3Bkyf6mbNQDhhy,10,241787,https://p.scdn.co/mp3-preview/6b0c6a0e885ab81c18f37b59d646b000653bfea0?cid=6bff2558c1ee4b428271863f3ff2cf2f,0.547,0.84,9,-4.156,0,0.0551,0.000371,0.0,0.0562,0.479,85.001
1QWxddJmOhQb1vDdyTipMR,BTS Cypher 4,17FnTn4P3Bkyf6mbNQDhhy,11,294463,https://p.scdn.co/mp3-preview/e6739259f7b08212e1a0aa2f35b8954e5496d026?cid=6bff2558c1ee4b428271863f3ff2cf2f,0.817,0.797,1,-4.395,0,0.084,0.00533,7.77e-06,0.0551,0.362,119.977
1ORnZ5RmTKhVxPrjORKxAE,Am I Wrong,17FnTn4P3Bkyf6mbNQDhhy,12,213082,https://p.scdn.co/mp3-preview/71bdb41d91f8b5a97440531a4b63fe7473ef6f71?cid=6bff2558c1ee4b428271863f3ff2cf2f,0.761,0.834,6,-4.992,1,0.0494,0.00125,1e-05,0.0868,0.68,107.988
6RioKpKPuG1vuyU0wnlAZx,21st Century Girl,17FnTn4P3Bkyf6mbNQDhhy,13,192596,https://p.scdn.co/mp3-preview/9dda594b7c257056c7e93d3ae2c3e7df11b2e3a0?cid=6bff2558c1ee4b428271863f3ff2cf2f,0.716,0.906,2,-3.539,1,0.0717,0.00423,0.0,0.0547,0.762,101.028
0ma7lbs8BsVIv2kSaqOsDI,2! 3!,17FnTn4P3Bkyf6mbNQDhhy,14,272537,https://p.scdn.co/mp3-preview/c06ae86a69ef4f53de4c1b630f1a8ad109df9707?cid=6bff2558c1ee4b428271863f3ff2cf2f,0.439,0.928,7,-4.096,1,0.233,0.0254,0.0,0.1,0.599,169.928
6xtjXO1EbKNLMIEGZQU3Fv,Interlude: Wings,17FnTn4P3Bkyf6mbNQDhhy,15,144313,https://p.scdn.co/mp3-preview/86ef207a7a9aca20e218da5d5b1a5628eed5cae0?cid=6bff2558c1ee4b428271863f3ff2cf2f,0.638,0.851,11,-3.042,0,0.0662,0.0102,0.0,0.114,0.6,125.0
2bgTY4UwhfBYhGT4HUYStN,Butter,1HnJKmB4P6Z8RBdLMWx18w,1,164441,https://p.scdn.co/mp3-preview/edf24f427483d886b640c5ed9944f9291e0976fc?cid=6bff2558c1ee4b428271863f3ff2cf2f,0.759,0.459,8,-5.187,1,0.0948,0.00323,0.0,0.0906,0.695,109.997
5qtVXK2ZRv9tfmvqr2MnBZ,Butter (Hotter Remix),1HnJKmB4P6Z8RBdLMWx18w,2,166962,https://p.scdn.co/mp3-preview/ba00cc684e0457392b67f35672803f7e1f1f0487?cid=6bff2558c1ee4b428271863f3ff2cf2f,0.702,0.748,8,-5.215,1,0.0489,0.00223,0.0,0.23,0.789,110.028
68nqgUs4Wzhje6w4HrSWet,Butter (Sweeter Remix),1HnJKmB4P6Z8RBdLMWx18w,3,161934,https://p.scdn.co/mp3-preview/9ca9e3e7fa19c55a36ef58c932a760d1e6cc84f7?cid=6bff2558c1ee4b428271863f3ff2cf2f,0.728,0.551,5,-5.375,0,0.0577,0.0674,0.0,0.335,0.792,110.059
0xmEcb4yhUy5PS8MHdAvmc,Butter (Cooler Remix),1HnJKmB4P6Z8RBdLMWx18w,4,161632,https://p.scdn.co/mp3-preview/402df07431530a6b9d2bb0fb27f58c4eb6ae3d24?cid=6bff2558c1ee4b428271863f3ff2cf2f,0.651,0.809,8,-3.667,1,0.132,0.00632,0.0,0.321,0.893,110.045
2Ol2sv6gePRdJrZC1hDVNY,Butter (Instrumental),1HnJKmB4P6Z8RBdLMWx18w,5,162146,https://p.scdn.co/mp3-preview/688c530742d0c0cce0d9f7a3e860cf2049161986?cid=6bff2558c1ee4b428271863f3ff2cf2f,0.429,0.387,1,-7.486,1,0.0753,0.000178,0.802,0.142,0.41,109.893
3UHPGOkUcE4hE7sqBF4Snt,Film out,2jae5Jx8Yh1WjP1K4wTFUa,1,214620,https://p.scdn.co/mp3-preview/ed839a1722d39bf41d28ee16188006eb02f494f7?cid=6bff2558c1ee4b428271863f3ff2cf2f,0.499,0.709,10,-6.404,1,0.134,0.296,0.0,0.331,0.314,164.032
6SM3TJaWkmT8Iq8l9J0BIS,Dynamite - Holiday Remix,3HVNK5OxW9qfkySXjHWehH,1,213314,https://p.scdn.co/mp3-preview/b7f46362edaf8396e516c85be1abe1f0e6715673?cid=6bff2558c1ee4b428271863f3ff2cf2f,0.69,0.873,9,-1.66,1,0.0734,0.0185,0.0,0.0526,0.599,114.03
4TgxFMOn5yoESW6zCidCXL,Savage Love (Laxed – Siren Beat) [BTS Remix],5O6izFQ2veRaZOcQSyOi4o,1,184905,https://p.scdn.co/mp3-preview/efd5dc3b16c735e2cf39d3e27fce6ce36a26fbdb?cid=6bff2558c1ee4b428271863f3ff2cf2f,0.758,0.598,0,-5.695,0,0.0868,0.16,0.0,0.295,0.658,149.836
6AAZ5ZZYtw5VLSbx6q16Be,Savage Love (Laxed – Siren Beat) [BTS Remix] (Instrumental),5O6izFQ2veRaZOcQSyOi4o,2,184905,https://p.scdn.co/mp3-preview/69cfb0ae6d7e62c224f8d252911c8e7a195b498b?cid=6bff2558c1ee4b428271863f3ff2cf2f,0.782,0.404,0,-8.549,0,0.171,0.0491,0.778,0.286,0.311,149.98
3A9SFII4XAKeptsNYoXKH7,Dynamite,3qIVLJciUAM589Lb5aPEYn,1,199053,https://p.scdn.co/mp3-preview/a707728846c105f4d8552b8546c30b121bf517f0?cid=6bff2558c1ee4b428271863f3ff2cf2f,0.746,0.765,6,-4.41,0,0.0993,0.0112,0.0,0.0936,0.737,114.044
7GO4d6cXQSTizBCppVgXbz,Dynamite - Instrumental,3qIVLJciUAM589Lb5aPEYn,2,198770,https://p.scdn.co/mp3-preview/4450133399d4a6e216f0e4a0268cc141c4ba6036?cid=6bff2558c1ee4b428271863f3ff2cf2f,0.861,0.658,11,-6.966,1,0.05,0.00903,0.803,0.0443,0.625,114.0
0IpbLjg5HE1Ju4k1rhYqvp,Dynamite - Slow Jam Remix,3qIVLJciUAM589Lb5aPEYn,3,199690,https://p.scdn.co/mp3-preview/18bd7cab46a6d3fbaab5da1d94814b254456f57b?cid=6bff2558c1ee4b428271863f3ff2cf2f,0.653,0.683,4,-3.82,1,0.0398,0.36,1e-06,0.324,0.534,113.977
30mCoJIAVtCfEy7VJ3DG5q,Dynamite - Midnight Remix,3qIVLJciUAM589Lb5aPEYn,4,196509,https://p.scdn.co/mp3-preview/39ae8f47d43cfeefd71f13acdc9f36d0c057de8e?cid=6bff2558c1ee4b428271863f3ff2cf2f,0.782,0.795,4,-4.167,1,0.122,0.0689,0.0,0.109,0.402,114.036
4xeOxHpKth9IdzNNIZnzhX,Dynamite - Retro Remix,3qIVLJciUAM589Lb5aPEYn,5,208404,https://p.scdn.co/mp3-preview/2411de7622b41048725ca8742d31b0e6fe31f28d?cid=6bff2558c1ee4b428271863f3ff2cf2f,0.647,0.915,4,-2.031,1,0.148,0.0659,0.0,0.327,0.776,113.936
6ceLbOqD2zrnUollgXkKMn,Dynamite - Bedroom Remix,3qIVLJciUAM589Lb5aPEYn,6,207926,https://p.scdn.co/mp3-preview/147d57d9185aae8c42f0b5a1b0cb0898dfc91b9a?cid=6bff2558c1ee4b428271863f3ff2cf2f,0.756,0.745,1,-3.263,0,0.0341,0.0631,0.0,0.221,0.726,109.063
0t1kP63rueHleOhQkYSXFY,Dynamite,6K4chJALBBMYmXjwgvqahx,1,199053,https://p.scdn.co/mp3-preview/a707728846c105f4d8552b8546c30b121bf517f0?cid=6bff2558c1ee4b428271863f3ff2cf2f,0.746,0.765,6,-4.41,0,0.0993,0.0112,0.0,0.0936,0.737,114.044
7ynmAvlaIbYWpXtpX2PlpX,Dynamite - Instrumental,6K4chJALBBMYmXjwgvqahx,2,198770,https://p.scdn.co/mp3-preview/4450133399d4a6e216f0e4a0268cc141c4ba6036?cid=6bff2558c1ee4b428271863f3ff2cf2f,0.861,0.658,11,-6.966,1,0.05,0.00903,0.803,0.0443,0.625,114.0
2lNQ0rDuTKcP6BgRFkkq3p,Dynamite - Acoustic Remix,6K4chJALBBMYmXjwgvqahx,3,197993,https://p.scdn.co/mp3-preview/cf094bbab205a510b82040769c30d7c13fd2ef3a?cid=6bff2558c1ee4b428271863f3ff2cf2f,0.656,0.889,1,-5.136,0,0.203,0.0228,7.56e-06,0.366,0.575,113.943
2qqTvYWvr4BYsRXzNfsr7D,Dynamite - EDM Remix,6K4chJALBBMYmXjwgvqahx,4,198939,https://p.scdn.co/mp3-preview/ea905be90ffeafdb26e62fac7e57918a0cd14270?cid=6bff2558c1ee4b428271863f3ff2cf2f,0.707,0.838,1,-4.732,0,0.0599,0.0019,0.444,0.0961,0.318,122.985
7r6bu5Xd0q2TK1QQMduxb8,Dynamite - Tropical Remix,6K4chJALBBMYmXjwgvqahx,5,197101,https://p.scdn.co/mp3-preview/6b57aaa9600a720ce71a782b5f7a04ed3ee953ce?cid=6bff2558c1ee4b428271863f3ff2cf2f,0.729,0.896,1,-3.308,0,0.0667,0.0295,1.52e-06,0.234,0.62,114.035
2JZPlXE8c0oLZoCsqFFmgo,Dynamite - Poolside Remix,6K4chJALBBMYmXjwgvqahx,6,182591,https://p.scdn.co/mp3-preview/b684b3e1cf0945fcbd8b5225d8981f1296f16807?cid=6bff2558c1ee4b428271863f3ff2cf2f,0.686,0.877,1,-4.854,0,0.143,0.0089,0.000869,0.208,0.406,123.91
0UwQTbq7ZtBJ7v530mpaxP,Stay Gold,2TOMIcHmmsiCSB1VU4T8Gb,1,243733,https://p.scdn.co/mp3-preview/087d39d8148648d8739f777b726430e7e1927c93?cid=6bff2558c1ee4b428271863f3ff2cf2f,0.724,0.631,1,-5.403,1,0.0517,0.0873,0.0,0.0752,0.548,129.019
24NuEDgyRIljwSyY0lsr7b,Black Swan,4RR8ROIGix5CbCGlXHA53I,1,198260,https://p.scdn.co/mp3-preview/879c7106422b0b53852209da6a63210be7e09b01?cid=6bff2558c1ee4b428271863f3ff2cf2f,0.719,0.758,2,-5.167,0,0.0851,0.137,0.0,0.129,0.49,147.023
5a0nHa7F4S9hb0Zi0zLS8w,SUGA's Interlude,0JfaSjTaej3QB27ofjnbQV,1,138204,https://p.scdn.co/mp3-preview/583d8a702c6609fc9a72060379bb742fe6821ddd?cid=6bff2558c1ee4b428271863f3ff2cf2f,0.55,0.732,0,-6.88,1,0.105,0.0864,0.0,0.0425,0.246,153.836
45oantdYijrgFgbeyzkuVX,Make It Right (feat. Lauv) [Acoustic Remix],1x5gfQqU1mnb3e3jzqyeDY,1,255541,https://p.scdn.co/mp3-preview/0080019550491cf8ec625915a79b9ed498df03b0?cid=6bff2558c1ee4b428271863f3ff2cf2f,0.701,0.557,7,-5.757,1,0.148,0.00484,0.0,0.252,0.514,100.218
733yOf6BYdGuFOgaedo9BK,Make It Right (feat. Lauv) [EDM Remix],4fkUwOlruyTwQNG1LD6MJX,1,246322,https://p.scdn.co/mp3-preview/28b49551d064823da6617582d2c295a9b06d543c?cid=6bff2558c1ee4b428271863f3ff2cf2f,0.648,0.741,7,-6.655,1,0.313,0.00351,0.0,0.0932,0.238,106.001
314ZkcV7oLWG8yWE7LABvH,Make It Right (feat. Lauv),0ZI6Q1QJSYdeEQPvKzX1XR,1,226321,https://p.scdn.co/mp3-preview/fd5b0ad0cbe5fb2bc20db19b89679699f9312715?cid=6bff2558c1ee4b428271863f3ff2cf2f,0.584,0.685,7,-7.811,1,0.425,0.0304,0.0,0.189,0.345,97.551
6woeVu3fVMflqen1t4N6pg,Old Town Road (feat. RM of BTS) - Seoul Town Road Remix,7CQho9XJ69KLTUdM9vUZyW,1,114133,https://p.scdn.co/mp3-preview/3bc62106123fcafad475271e72e74cd7f519ab83?cid=6bff2558c1ee4b428271863f3ff2cf2f,0.89,0.513,1,-5.996,1,0.154,0.0706,0.0,0.102,0.61,136.02
44vXWYTcdrejrIQZEoHzl8,Lights,0rHMQLHyw0Bt17fRTJEqh6,1,292773,https://p.scdn.co/mp3-preview/e9767d93182b5c92a280d6444070f969c2fd2c3e?cid=6bff2558c1ee4b428271863f3ff2cf2f,0.625,0.663,5,-5.115,1,0.0302,0.112,0.0,0.105,0.398,98.998
2Ya8bityItATB8WNxaaed1,Boy With Luv - Japanese ver.,0rHMQLHyw0Bt17fRTJEqh6,2,231226,https://p.scdn.co/mp3-preview/31504271a400c9c9253359a5eb428ffbcb8ad133?cid=6bff2558c1ee4b428271863f3ff2cf2f,0.677,0.843,11,-5.087,0,0.0795,0.131,0.0,0.204,0.807,119.968
7IeoEVVNdCXHeILYk2Yxsr,IDOL - Japanese ver.,0rHMQLHyw0Bt17fRTJEqh6,3,222173,https://p.scdn.co/mp3-preview/fa7f6e680c52237b0ec6a4ae86019ebdddad1a49?cid=6bff2558c1ee4b428271863f3ff2cf2f,0.714,0.844,6,-3.472,0,0.117,0.00176,0.0,0.147,0.424,126.0
70sKIAQgaVN2zWEEyOpyMZ,All Night (BTS World Original Soundtrack) [Pt. 3],53dPHVEHHiHZusK0l4q26R,1,216873,https://p.scdn.co/mp3-preview/f36ab372d7bfa061dd98af9bcb93bcb77f80b446?cid=6bff2558c1ee4b428271863f3ff2cf2f,0.725,0.706,5,-4.766,1,0.121,0.193,0.0,0.109,0.667,120.042
5XkyZyKMdFungjDb9cUKc3,A Brand New Day (BTS World Original Soundtrack) [Pt. 2],0rjtptJthJcLrK7uYcDH2Z,1,205019,https://p.scdn.co/mp3-preview/1e657a39a76a1a270fbe8b8ad6b4bd2f15b5d18d?cid=6bff2558c1ee4b428271863f3ff2cf2f,0.804,0.498,8,-7.387,0,0.0571,0.339,0.000236,0.18,0.704,105.008
4c1WgUnHXq2LEncGHKgj1I,Dream Glow (BTS World Original Soundtrack) - Pt. 1,7fEUnTEsnJOXEZtUYMKyOE,1,187457,https://p.scdn.co/mp3-preview/803b657c8914456ca28dfddc0add7cdad456cdac?cid=6bff2558c1ee4b428271863f3ff2cf2f,0.735,0.74,0,-3.837,0,0.0519,0.0967,0.0,0.101,0.541,141.948
7Eiwn5pyUzVmj2UJnQSsuE,FAKE LOVE - Japanese ver.,1v6mgJ29d4Ta3ZUfF0P18W,1,244813,https://p.scdn.co/mp3-preview/ac22bccc08f35f2ac0d8dc8b6c85824d8de87a1e?cid=6bff2558c1ee4b428271863f3ff2cf2f,0.577,0.746,2,-4.284,0,0.0386,0.00283,0.0,0.29,0.382,77.493
56C1UvPHIRtuLKV3qLtEJ6,Airplane pt.2 - Japanese ver.,1v6mgJ29d4Ta3ZUfF0P18W,2,220920,https://p.scdn.co/mp3-preview/1bd2a2d5d39e6c4a95106165dd7c17ab157ced22?cid=6bff2558c1ee4b428271863f3ff2cf2f,0.77,0.803,0,-4.189,0,0.0301,0.0539,0.0,0.0812,0.903,140.02
6Tai2owBuWHcNXD00mQZi5,FAKE LOVE - Japanese ver. / Remix,1v6mgJ29d4Ta3ZUfF0P18W,3,246453,https://p.scdn.co/mp3-preview/a4f90abf5b81dd4d5ef1687004171038bcedcebd?cid=6bff2558c1ee4b428271863f3ff2cf2f,0.558,0.762,2,-4.148,0,0.0604,0.032,0.0,0.283,0.37,154.875
2FWyJIT0gL2G3xWVQ9Id5f,Waste It On Me,1LZujBS60tTTtnHk0MAvcE,1,192536,https://p.scdn.co/mp3-preview/3f38a78b2bf15874899a6b4700e7c56fa2b8b10a?cid=6bff2558c1ee4b428271863f3ff2cf2f,0.669,0.684,7,-4.595,1,0.0585,0.252,0.0,0.72,0.466,96.097
782ET7GKMVvNPBez4nsurW,FAKE LOVE (Rocking Vibe Mix),3znXuEXvpl674WIHuw0fbx,1,238494,https://p.scdn.co/mp3-preview/7ff34303a4d1df5f85b532ca4611a720271ab4d4?cid=6bff2558c1ee4b428271863f3ff2cf2f,0.463,0.804,2,-4.009,0,0.0391,0.0573,0.0,0.432,0.352,154.913
0RF2i1nWqMHK0i3xIUAhfl,MIC Drop - Japanese ver.,03yfkUHGv0rY49Wz9mzloe,1,238680,https://p.scdn.co/mp3-preview/4a2435b0f4eb36ac6db34fc6713a64545766bfb9?cid=6bff2558c1ee4b428271863f3ff2cf2f,0.662,0.913,3,-4.482,0,0.149,0.0157,0.0,0.131,0.636,169.956
1Z2uN2puf5Gd2PlVRbM2Yu,DNA - Japanese ver.,03yfkUHGv0rY49Wz9mzloe,2,224920,https://p.scdn.co/mp3-preview/4a25e4ab8523aed63fca3493bb859bbc6366fbe8?cid=6bff2558c1ee4b428271863f3ff2cf2f,0.578,0.763,1,-3.612,0,0.0585,0.00336,0.0,0.0666,0.665,129.87
0NdYhK7ma3nu4krFkBsI5y,Crystal Snow,03yfkUHGv0rY49Wz9mzloe,3,322333,https://p.scdn.co/mp3-preview/e8045d110fdfc4561875038e1aae02fd3afba883?cid=6bff2558c1ee4b428271863f3ff2cf2f,0.61,0.778,3,-4.501,1,0.0323,0.132,0.0,0.126,0.402,113.982
7Ed6BkggCS2KaKY5YlINaF,MIC Drop (feat. Desiigner) [Steve Aoki Remix],2TpvJhw6RYTTn4eDrAb3eJ,1,238726,https://p.scdn.co/mp3-preview/af5e216f90b95f0c232bc475d2286da9b3ad51f8?cid=6bff2558c1ee4b428271863f3ff2cf2f,0.613,0.842,10,-4.332,0,0.219,0.0157,0.0,0.23,0.645,169.917
7msWZLyQtBaLhvsGB7j2hE,Danger - Japanese Ver.,4obhxC4Xdmg1b6kcMpW8fD,1,248693,https://p.scdn.co/mp3-preview/1980440ab32fded36dcce0e70bc2a2d0e9217701?cid=6bff2558c1ee4b428271863f3ff2cf2f,0.727,0.847,1,-4.2,1,0.0517,0.000606,0.00109,0.107,0.413,112.051
0rsmEuuSVz47Qm6dpBxyes,Shingeki no Boudan - Sonpub Remix,4obhxC4Xdmg1b6kcMpW8fD,2,242466,https://p.scdn.co/mp3-preview/4a01edd8ecb6a89a40e39d9ad64b7a014824bf16?cid=6bff2558c1ee4b428271863f3ff2cf2f,0.718,0.91,4,-3.125,0,0.181,0.00244,0.0,0.231,0.725,118.104
3uaBayF9P4kCFhMLPMqBQw,Miss Right - Japanese Ver.,4obhxC4Xdmg1b6kcMpW8fD,3,242093,https://p.scdn.co/mp3-preview/81cc2912c5da4e288738e65aa21039af75f5d3b2?cid=6bff2558c1ee4b428271863f3ff2cf2f,0.693,0.806,1,-4.975,1,0.256,0.42,0.0,0.106,0.873,92.966
6Xs1YFAL7AFvnfoE1f7rPY,Boy In Luv - Japanese Ver.,6l0cl7IM7uuoNtdl9emYbw,1,232506,https://p.scdn.co/mp3-preview/6024bca21db17cd889fd8949c95d540494ce6d19?cid=6bff2558c1ee4b428271863f3ff2cf2f,0.563,0.903,4,-5.089,0,0.144,0.00113,0.0,0.242,0.578,82.973
7jDYnvQi8DKsKavVuxkhVO,N.O - Japanese Ver.,6l0cl7IM7uuoNtdl9emYbw,2,211706,https://p.scdn.co/mp3-preview/5f9fb721a9238d62472ec269994b7994fefcd671?cid=6bff2558c1ee4b428271863f3ff2cf2f,0.597,0.858,7,-6.244,1,0.14,0.029,0.0,0.136,0.588,146.983
3kd1357rEgCETWCHySPj1l,Just One Day - Japanese Ver.,6l0cl7IM7uuoNtdl9emYbw,3,241040,https://p.scdn.co/mp3-preview/d1fd568830ee84d84ee11b419bf62371e457cd3f?cid=6bff2558c1ee4b428271863f3ff2cf2f,0.694,0.579,9,-7.567,1,0.232,0.0615,0.0,0.0901,0.34,94.937
5dEaQCUCJIQyJs5qVZYXOC,Come Back Home,1G3HTdPaeUIL6l3mo3q8N8,1,244587,https://p.scdn.co/mp3-preview/bdca9c4f4f7fc945b6d52c25812578bbf3406318?cid=6bff2558c1ee4b428271863f3ff2cf2f,0.647,0.881,11,-4.42,0,0.0765,0.00154,1.12e-06,0.113,0.456,100.001
1OVUCNaV0gdltLjbpsoZwH,血、汗、涙 - Japanese ver.,1rxOBsRqYTRBhltSLWjseF,1,215053,https://p.scdn.co/mp3-preview/32b3c80976834c0c842541c9228c63a5d7a11814?cid=6bff2558c1ee4b428271863f3ff2cf2f,0.553,0.897,0,-2.889,0,0.0761,0.0447,0.0,0.379,0.574,92.99
7tHMnD6UuU9sNR1zlSJ6Lp,Not Today - Japanese ver.,1rxOBsRqYTRBhltSLWjseF,2,232133,https://p.scdn.co/mp3-preview/600c874c5be5e80712693a5779e8d9a7dc58890f?cid=6bff2558c1ee4b428271863f3ff2cf2f,0.591,0.955,8,-2.953,1,0.143,0.00188,0.0,0.963,0.641,110.063
0I08kzlwHEkBNCioRjODFc,Spring Day - Japanese ver.,1rxOBsRqYTRBhltSLWjseF,3,274160,https://p.scdn.co/mp3-preview/39791698db68bb8d0e4a2847965712c54947230e?cid=6bff2558c1ee4b428271863f3ff2cf2f,0.548,0.837,0,-2.99,0,0.0364,0.015,0.0,0.13,0.327,107.004
70vhVEisB5n2HaX6V7Pl9R,Run - Japanese Ver.,1Za3UxQMhgKeO8QNsVwzRt,1,239230,https://p.scdn.co/mp3-preview/edee079330c913e7dc0aff98b4e7676bbb3c0bf4?cid=6bff2558c1ee4b428271863f3ff2cf2f,0.544,0.852,11,-3.406,0,0.0378,0.000742,0.000152,0.0991,0.591,132.979
4C5gHVYvSSJRPsunMJqdsd,Butterfly - Japanese Ver.,1Za3UxQMhgKeO8QNsVwzRt,2,241866,https://p.scdn.co/mp3-preview/0e60e6516dd0f9e49875ce04a9fcc5c287877e8c?cid=6bff2558c1ee4b428271863f3ff2cf2f,0.289,0.788,1,-4.452,1,0.0718,0.0218,0.0,0.0553,0.231,69.552
3KWYKrNuIGg2QmlwLBkrTF,Good Day,1Za3UxQMhgKeO8QNsVwzRt,3,268786,https://p.scdn.co/mp3-preview/ad7b3a8a6b04325d8b3411506b014deca7203111?cid=6bff2558c1ee4b428271863f3ff2cf2f,0.611,0.855,6,-4.722,1,0.0496,0.00953,0.0,0.0901,0.708,94.957
1NpkP0qImfVoMfjOgWKSG9,I Need U - Japanese Ver.,71mivOtJblgvlGqvAPRJyw,1,212226,https://p.scdn.co/mp3-preview/0d7e39903c2547f8c054f7bebf174d7014192f4d?cid=6bff2558c1ee4b428271863f3ff2cf2f,0.487,0.872,5,-3.795,0,0.073,0.0141,0.0,0.278,0.702,158.03
2fSwgOUqFqewuYiLKOtV85,Dope - Chou Yabee! - - Japanese Ver.,71mivOtJblgvlGqvAPRJyw,2,241680,https://p.scdn.co/mp3-preview/da859170a4a50edca92600872aa24e55bd93d208?cid=6bff2558c1ee4b428271863f3ff2cf2f,0.579,0.901,10,-3.572,0,0.231,0.0313,0.0,0.477,0.539,154.071
4Bd0mwRVIPe1MYUE20cZPK,Funtan Syounendan - Japanese Ver.,71mivOtJblgvlGqvAPRJyw,3,245120,https://p.scdn.co/mp3-preview/69610ec4ce0e6d10d46e9778b4d8282f5b052fac?cid=6bff2558c1ee4b428271863f3ff2cf2f,0.683,0.96,8,-3.668,0,0.192,0.0448,0.0,0.372,0.714,116.05
43x0i2PPXrmOGTTgoyqGNZ,For You,3dviBwFcDYCcpXUbeacrIl,1,285066,https://p.scdn.co/mp3-preview/d07f52981740be72fadb6ddaa2263e05c244f5b5?cid=6bff2558c1ee4b428271863f3ff2cf2f,0.554,0.814,4,-4.312,1,0.211,0.477,0.0,0.111,0.572,166.064
0zFiJHcn41PbBeU4pYJdNF,Hormone Sensou - Japanese Ver.,3dviBwFcDYCcpXUbeacrIl,2,268400,https://p.scdn.co/mp3-preview/8bce9c8125a8ea49ad2300afa26dae4a604471a5?cid=6bff2558c1ee4b428271863f3ff2cf2f,0.634,0.996,9,-1.108,1,0.254,0.161,0.0,0.331,0.401,97.976
07RpaipQDG3p4kSEZZVzf9,Let Me Know - Japanese Ver.,3dviBwFcDYCcpXUbeacrIl,3,256533,https://p.scdn.co/mp3-preview/2ec5f2e56b231aa75d8c3f942e66db3cf7ef4898?cid=6bff2558c1ee4b428271863f3ff2cf2f,0.442,0.831,11,-4.32,0,0.272,0.0285,0.0,0.275,0.245,135.998
1mD6sDkMeumRzpVF73QrlE,No More Dream - Japanese Ver.,5x3pRdlUUVG0eHAMDkW39a,1,221293,https://p.scdn.co/mp3-preview/a51370c6c93b37fd8e3d652d617c6797f2d0ce33?cid=6bff2558c1ee4b428271863f3ff2cf2f,0.666,0.863,2,-4.403,1,0.408,0.0222,0.0,0.452,0.616,167.916
2ysIgQwwy1dciVCG1sBrNy,Shingeki no Boudan - Japanese Ver.,5x3pRdlUUVG0eHAMDkW39a,2,247120,https://p.scdn.co/mp3-preview/713d73dc7546dfc929cf36b698427c8db3f81a9b?cid=6bff2558c1ee4b428271863f3ff2cf2f,0.645,0.972,11,-3.029,0,0.338,0.0422,0.0,0.178,0.57,118.101
2iKJS8ni19b9YC2tIdorJ6,Iine!,5x3pRdlUUVG0eHAMDkW39a,3,233480,https://p.scdn.co/mp3-preview/f0dbfdf1348e1a6d33764fc03bae552b95986959?cid=6bff2558c1ee4b428271863f3ff2cf2f,0.71,0.691,3,-5.56,1,0.168,0.241,0.0,0.0977,0.702,100.778
